"Post ID","Page ID","Page name",Title,Description,"Duration (sec)","Publish time","Caption type",Permalink,"Is crosspost","Is share","Post type",Languages,"Custom labels","Funded content status","Data comment",Date,Views,Reach,"Reactions, Comments and Shares",Reactions,Comments,Shares,"Total clicks",Views,"Reach from Organic posts","Reach from Boosted posts","3-second video views","1-minute video views","3-Second viewers","1-minute viewers","3-second video views from Boosted posts","3-second video views from Organic posts","Negative feedback from users","Unique negative feedback from users","Other Clicks","Matched Audience Targeting Consumption (Photo Click)","Link Clicks"
960221266197866,100066300057039,"Oigetit Fake News Filter - South Africa","Convicted rapist and murderer Thabo Bester has escalated his legal battle to the Constitutional Court, alleging judicial bias in his challenge against the Free State High Court’s dismissal of his poor prison conditions case.

Bester, through his attorney Lerato Moela, has filed papers seeking leave to appeal the judgment handed down on 21 February 2025, by Judge Nobulawo Martha Mbhele.

“The historical background and grounds of appeal would reveal how the Learned Justice misconstrued the issues before her, thereby exceeding the bounds of authority she had,” Bester stated in his application.

Read Full Article: https://oigetit.com/advanced-search-gallery-results/41090231294

This article was fact checked by #Oigetit

#ThaboBester #LegalBattle #ConstitutionalCourt #JudicialBias #PrisonConditions #SAJustice #CrimeNews #CourtCase",,0,"03/18/2025 12:59",N/A,https://www.facebook.com/OigetitSouthAfricaFacebook/posts/960221266197866,0,0,Photos,,,,,Lifetime,0,37,2,2,0,0,2,0,37,0,0,0,0,0,0,0,0,0,1,1,
980488800837779,100066300057039,"Oigetit Fake News Filter - South Africa","The fatal shooting of a 50-year-old man inside the Wynberg Regional Court last week is believed to be a revenge murder, while a second suspect has been arrested.

The alleged mastermind, Shireen Matthews, made her first appearance at the court on Monday.

The 35-year-old woman was arrested on Sunday by members of the South African Police Service’s (Saps) Western Cape Serious Violent Crime Detectives.

Her arrest is connected to the murder of the 50-year-old taxi operator from Vrygrond on Tuesday, 8 April.

Read Full Article: https://oigetit.com/advanced-search-gallery-results/41581571123

This article was fact checked by #Oigetit

#WynbergCourtShooting #RevengeMurder #ShireenMatthews #CourtroomViolence #TaxiOperatorMurder #CapeTownCrime #SAPS #SeriousViolentCrime #JusticeInSA",,0,"04/14/2025 19:53",N/A,https://www.facebook.com/OigetitSouthAfricaFacebook/posts/980488800837779,0,0,Photos,,,,,Lifetime,0,48,0,0,0,0,0,0,48,0,0,0,0,0,0,0,0,0,,,
980477924172200,100066300057039,"Oigetit Fake News Filter - South Africa","A school is fighting to restore pride after a teacher was stabbed, while those on the inside feel their efforts are weighed down by government control.  

Hoërskool Die Burger has been plagued by disciplinary issues, crumbling infrastructure and a community fighting its own socio-economic battles.

In the second violent incident in the space of a few weeks, a male teacher was stabbed by a grade 8 pupil who was angered by alleged comments about his posture in class.

Read Full Article: https://oigetit.com/advanced-search-gallery-results/41579325479

This article was fact checked by #Oigetit

#SchoolViolence #EducationCrisis #TeacherSafety #StudentDiscipline #RestorePride #GovernmentControl #SouthAfricanSchools #SocioEconomicStruggles #InfrastructureCrisis #HoërskoolDieBurger #SupportOurTeachers",,0,"04/14/2025 19:35",N/A,https://www.facebook.com/OigetitSouthAfricaFacebook/posts/980477924172200,0,0,Photos,,,,,Lifetime,0,6,0,0,0,0,0,0,6,0,0,0,0,0,0,0,0,0,,,
980064557546870,100066300057039,"Oigetit Fake News Filter - South Africa","Nearly six decades after Nobel Peace Prize winner Albert Luthuli was declared accidentally killed by a train, South African prosecutors have reopened the case, alleging a cover-up by apartheid-era officials. New evidence suggests collusion to protect perpetrators and suppress the truth behind the ANC leader’s death.
 
Read Full Article: https://oigetit.app.link/vrIlRb5OySb

This article was factchecked by #oigetit 

#oigetit #factchecked #news
#AlbertLuthuli
#ApartheidJustice
#TruthAndJustice
#ReopenTheCase
#SouthAfrica
#ANC
#LuthuliInquest
#ApartheidCrimes
#JusticeDelayedNotDenied
#NobelPeacePrize
#HumanRights
#CradockFour
#GriffithsMxenge
#ApartheidEra
#HistoricalJustice
#UncoverTheTruth
#SouthAfricaHistory
#AntiApartheid
#ProsecutingApartheid
#JusticeForLuthuli",,0,"04/14/2025 06:14",N/A,https://www.facebook.com/OigetitSouthAfricaFacebook/posts/980064557546870,0,0,Photos,,,,,Lifetime,0,10,0,0,0,0,0,0,10,0,0,0,0,0,0,0,0,0,,,
980057904214202,100066300057039,"Oigetit Fake News Filter - South Africa","A Russian drone strike hit a passenger train in Semenivka, Chernihiv region, just 30 minutes before departure—no injuries reported. As attacks continue, President Zelensky calls on the U.S. not to remain neutral, warning that Russian narratives are gaining ground in American discourse.
 Read Full Article: https://oigetit.app.link/9nAbVqkOySb

This article was factchecked by #oigetit

#oigetit #factchecked #news
#UkraineUnderAttack
#RussiaUkraineWar
#Zelensky
#DroneStrike
#Chernihiv
#UkraineNews
#StandWithUkraine
#USUkraineSupport
#MilitaryAid
#Geopolitics
#WarInUkraine
#DefendDemocracy
#RussianAggression
#EasternEuropeCrisis
#CBSInterview
#GlobalSecurity
#StopTheWar
#DroneWarfare
#TrainStrike
#WorldWatchList",,0,"04/14/2025 06:03",N/A,https://www.facebook.com/OigetitSouthAfricaFacebook/posts/980057904214202,0,0,Photos,,,,,Lifetime,0,5,0,0,0,0,2,0,5,0,0,0,0,0,0,0,0,0,1,1,
978978474322145,100066300057039,"Oigetit Fake News Filter - South Africa","The administration of President Donald Trump decided to exempt smartphones, computers, and other essential goods from the new tariffs on imports from China. The exclusion from Trump’s 10% global tax and the 145% China-specific levy was announced in a US Customs and Border Protection notice. 

Tech giants concerned about the rising costs of consumer devices made mainly through Chinese manufacturers heavily influenced the decision. According to Wedbush Securities, Apple, a major player in the US smartphone market, produces about 90% of its phones in China. 

Industry analysts at Counterpoint Research noted that 80% of iPhones sold in the US are Chinese-made, while 20% are made in India.

Read Full Article: https://oigetit.com/advanced-search-gallery-results/41545233968

This article was fact checked by #Oigetit

#TrumpAdministration #USChinaTrade #TariffExemptions #TechIndustry #AppleNews #SmartphoneMarket #ChinaManufacturing #iPhoneProduction #TradePolicy #ConsumerTech #USCustoms #GlobalTrade",,0,"04/12/2025 19:45",N/A,https://www.facebook.com/OigetitSouthAfricaFacebook/posts/978978474322145,0,0,Photos,,,,,Lifetime,0,7,0,0,0,0,0,0,7,0,0,0,0,0,0,0,0,0,,,
978708044349188,100066300057039,"Oigetit Fake News Filter - South Africa",,,0,"04/12/2025 10:15",N/A,https://www.facebook.com/OigetitSouthAfricaFacebook/posts/978708044349188,0,0,Photos,,,,,Lifetime,0,10,0,0,0,0,0,0,10,0,0,0,0,0,0,0,0,0,,,
978698971016762,100066300057039,"Oigetit Fake News Filter - South Africa","Former US President Donald Trump sparks global controversy by threatening to boycott the G20 Summit in South Africa, citing unverified claims of white farmer killings and land confiscation. Tensions between the two nations deepen amid diplomatic rifts over Israel, Palestine, and Russia-Ukraine conflicts.

Read Full Article: https://oigetit.app.link/ehQoCkoLvSb

This article was factchecked by #oigetit

#oigetit #factchecked #news
#Trump #G20Summit #SouthAfrica #USPolitics #LandReform #WhiteFarmers #TruthSocial #DiplomaticTensions #InternationalRelations #SApolitics #IsraelPalestineConflict #ICJCase #Geopolitics #JoeBiden #AfricaNews #TrumpControversy #GlobalSummit #HumanRights #RussiaUkraineWar #SAforeignpolicy",,0,"04/12/2025 10:00",N/A,https://www.facebook.com/OigetitSouthAfricaFacebook/posts/978698971016762,0,0,Photos,,,,,Lifetime,0,24,1,1,0,0,0,0,24,0,0,0,0,0,0,0,0,0,,,
977226534497339,100066300057039,"Oigetit Fake News Filter - South Africa","President Cyril Ramaphosa urges a holistic approach to fighting crime in South Africa, highlighting that it stems from deeper issues like poverty, broken families, patriarchy, and inequality. Speaking at the 2025 Policing Summit, he stressed that crime not only threatens safety but also damages the economy, deters investment, and disrupts business. The message is clear—real change starts at the roots.

Read Full Article: https://oigetit.app.link/ZgA1YJFusSb

This article was factchecked by #oigetit

#oigetit #factchecked #news
#CrimeInSA
#Ramaphosa
#PolicingSummit2025
#SALeadership
#FightCrime
#RootCausesMatter
#HolisticApproach
#CommunitySafety
#EconomicGrowth
#SocialJustice
#EndViolence
#StrongerFamilies
#InvestInCommunities
#StopCrimesAgainstHumanity",,0,"04/10/2025 10:44",N/A,https://www.facebook.com/OigetitSouthAfricaFacebook/posts/977226534497339,0,0,Photos,,,,,Lifetime,0,21,0,0,0,0,0,0,21,0,0,0,0,0,0,0,0,0,,,
977195864500406,100066300057039,"Oigetit Fake News Filter - South Africa","The Gauteng transport department intends to close taxi ranks for six months amid escalating violence that has claimed 59 lives in the province since January, MEC Kedibone Diale-Tlabela has anounced.

According to the MEC, approximately 30 people died in taxi-related violence in March alone, contributing to the alarming total of 59 fatalities since the beginning of the year.

The MEC emphasised that the violence is not isolated to specific areas but is spread across Gauteng.

She said the department of transport was collaborating with the police to “ensure that those responsible for these heinous acts are identified, apprehended and brought to justice”.

Read Full Article: https://oigetit.com/advanced-search-gallery-results/41503431149

This article was fact checked by #Oigetit

#GautengTransport #TaxiViolence #StopTheViolence #JusticeForVictims #SafeTransportNow #EndTaxiWars #TransportSafety #GautengCrisis #MECStatement",,0,"04/10/2025 09:50",N/A,https://www.facebook.com/OigetitSouthAfricaFacebook/posts/977195864500406,0,0,Photos,,,,,Lifetime,0,57,0,0,0,0,0,0,57,0,0,0,0,0,0,0,0,0,,,
977158777837448,100066300057039,"Oigetit Fake News Filter - South Africa","As municipal collapse grips Kgetlengrivier, residents are taking matters into their own hands—through court action and community effort. From failed R90m road contracts to critical service delivery breakdowns, the town’s citizens are saying enough is enough. 

Read Full Article:https://oigetit.app.link/IKdys5jmsSb
This article was factchecked by #oigetit

#Kgetlengrivier
#ServiceDeliveryFail
#FixSouthAfrica
#MunicipalCollapse
#CommunityAction
#SAUnites
#StandUpSA
#FixOurTowns
#RebuildSA
#PeoplePower
#RoadToRecovery
#WaterCrisis
#SouthAfricaNews
#DA",,0,"04/10/2025 08:48",N/A,https://www.facebook.com/OigetitSouthAfricaFacebook/posts/977158777837448,0,0,Photos,,,,,Lifetime,0,12,0,0,0,0,0,0,12,0,0,0,0,0,0,0,0,0,,,
976734264546566,100066300057039,"Oigetit Fake News Filter - South Africa","The Congolese man accused of assaulting and torturing patrons at the Zanzou nightclub in Pretoria will be released from custody after he was granted R10 000 bail.

The 41-year-old suspect appeared in the Pretoria Magistrate’s Court on Wednesday for the outcome of his bail application.

The magistrate ruled in his favour, stating that the accused had demonstrated that his release would serve the interests of justice.

Read Full Article: https://oigetit.com/advanced-search-gallery-results/41485753267

This article was fact checked by #Oigetit

#ZanzouNightclub #PretoriaNews #AssaultCase #JusticeInSA #CourtUpdate #BailGranted #CrimeAndJustice #SouthAfricaNews",,0,"04/09/2025 19:58",N/A,https://www.facebook.com/OigetitSouthAfricaFacebook/posts/976734264546566,0,0,Photos,,,,,Lifetime,0,9,0,0,0,0,0,0,9,0,0,0,0,0,0,0,0,0,,,
976530147900311,100066300057039,"Oigetit Fake News Filter - South Africa","Johannesburg Water is appealing to residents to refrain from putting large or inappropriate items into toilets and drains.

The entity said the unblocking of pipes was costing the city at least R100 000 per week while it is struggling with the theft and vandalism of infrastructure.

To aid Johannesburg Water, the municipality proposed R5.32 billion in funding over the next three years.

Read Full Article : https://oigetit.com/advanced-search-gallery-results/41487950136

This article was fact checked by #Oigetit

#JohannesburgWater #ProtectOurPipes #StopDrainAbuse #SaveOurInfrastructure #ResponsibleWaterUse #KeepJoziFlowing #NoTrashInToilets #WaterMatters",,0,"04/09/2025 12:28",N/A,https://www.facebook.com/OigetitSouthAfricaFacebook/posts/976530147900311,0,0,Photos,,,,,Lifetime,0,8,0,0,0,0,0,0,8,0,0,0,0,0,0,0,0,0,,,
976508124569180,100066300057039,"Oigetit Fake News Filter - South Africa","A 42-year-old pastor has been sentenced to 15 years behind bars for raping a 25-year-old woman under the guise of needing spiritual intervention.

Thabiso Victor Mongatane — who had been out on R1 000 bail for the duration of the trial — was sentenced by the Mahwelereng Regional Court on Monday, 7 April.

According to police spokesperson Colonel Malesela Ledwaba, in March 2022, the woman had driven her sick mother to Mongatane in Masodi village after a relative recommended him as someone who could heal her.

Read Full Article: https://oigetit.com/advanced-search-gallery-results/41490161044

This article was fact checked by #Oigetit

#JusticeServed #StopGBV #PastorSentenced #NoToRape #SpiritualAbuse #ProtectWomen #JusticeForSurvivors #BreakTheSilence #EndRapeCulture",,0,"04/09/2025 11:42",N/A,https://www.facebook.com/OigetitSouthAfricaFacebook/posts/976508124569180,0,0,Photos,,,,,Lifetime,0,19,0,0,0,0,0,0,19,0,0,0,0,0,0,0,0,0,,,
975256348027691,100066300057039,"Oigetit Fake News Filter - South Africa","A Western Cape doctor accused of treating patients while under the influence of cocaine has suffered a blow after the Labour Court found his dismissal was fair.

Dr A Kleynhans was fired after reportedly arriving at work on three separate occasions in August 2019 while intoxicated.

His dismissal was initially overturned following an arbitrator’s finding that it was procedurally unfair and awarded him six months’ remuneration.

However, the Labour Court ruled in favour of the Western Cape department of health after a review application was lodged.

Read Full Article: https://oigetit.com/advanced-search-gallery-results/41452674970

This article was fact checked by #Oigetit

#LabourCourt #DoctorMisconduct #MedicalEthics #CocaineAbuse #HealthcareAccountability #WesternCapeHealth #JusticeServed #PatientSafety #ProfessionalConduct #DoctorDismissal",,0,"04/07/2025 20:01",N/A,https://www.facebook.com/OigetitSouthAfricaFacebook/posts/975256348027691,0,0,Photos,,,,,Lifetime,0,21,0,0,0,0,0,0,21,0,0,0,0,0,0,0,0,0,,,
975033168050009,100066300057039,"Oigetit Fake News Filter - South Africa","The National Prosecuting Authority (NPA) says it is confident that Pethe Sara Simiao, the Mozambican national accused of raping and murdering six-year-old Amantle Samane, will be convicted when the matter goes to trial.

Simiao made his final appearance in the Protea Magistrate’s Court on Monday as his case was transferred to the Gauteng High Court in Johannesburg.

He faces charges of kidnapping, rape, murder, and contravention of the Immigration Act after it was established that he was in South Africa illegally.

Read Full Article: https://oigetit.com/advanced-search-gallery-results/41454882893

This article was fact checked by #Oigetit

#JusticeForAmantle #NPACriminalJustice #StopGenderBasedViolence #ChildProtection #EndViolenceAgainstChildren #GautengHighCourt #NPAUpdates",,0,"04/07/2025 11:58",N/A,https://www.facebook.com/OigetitSouthAfricaFacebook/posts/975033168050009,0,0,Photos,,,,,Lifetime,0,28,0,0,0,0,0,0,28,0,0,0,0,0,0,0,0,0,,,
974991744720818,100066300057039,"Oigetit Fake News Filter - South Africa","A new UN report reveals that Pakistan, alongside Nigeria, India, and the Democratic Republic of the Congo, was responsible for nearly half of the estimated 260,000 maternal deaths worldwide in 2023. These deaths — largely due to pregnancy and childbirth complications — highlight the critical need for increased support, especially as US and UK aid cuts threaten progress. The findings were published by UNICEF, WHO, and UNFPA in observance of World Health Day (7 April).

Read Full Article: https://oigetit.app.link/l5WXAyIvnSb

This article was factchecked by #oigetit

#oigetit #factchecked #news
#MaternalHealth
#WorldHealthDay
#UNReport
#PakistanHealthCrisis
#GlobalHealth
#SaveMothers
#WomenHealthMatters
#MaternalMortality
#UNICEF
#WHO
#UNFPA
#HealthInequality",,0,"04/07/2025 10:39",N/A,https://www.facebook.com/OigetitSouthAfricaFacebook/posts/974991744720818,0,0,Photos,,,,,Lifetime,0,8,0,0,0,0,0,0,8,0,0,0,0,0,0,0,0,0,,,
974986478054678,100066300057039,"Oigetit Fake News Filter - South Africa","A fatal shooting in Soweto, south of Johannesburg, has been linked to alleged taxi violence and route disputes in the area.

Police spokesperson Colonel Noxolo Kweza confirmed the death of at least three men in the Monday morning shooting.

Kweza said they are investigating a case of murder.

“The incident is believed to be taxi-related. The victims all belong to a taxi association. All possibilities will be investigated. High-calibre cartridges were found on the scene.

Read Full Article: https://oigetit.com/advanced-search-gallery-results/41450450751

This article was fact checked by #Oigetit

#SowetoShooting #TaxiViolence #RouteDisputes #SouthAfricaNews #CrimeReport #JohannesburgNews #BreakingNews #PublicSafety #TaxiWar #GautengNews #PoliceInvestigation #MurderCase",,0,"04/07/2025 10:29",N/A,https://www.facebook.com/OigetitSouthAfricaFacebook/posts/974986478054678,0,0,Photos,,,,,Lifetime,0,82,0,0,0,0,0,0,82,0,0,0,0,0,0,0,0,0,,,
974985771388082,100066300057039,"Oigetit Fake News Filter - South Africa","Two leading South African economists, Dr Neva Makgetla and Nokwanda Maseko, have voiced strong concerns over the new 31% tariff imposed by the US on South African exports. Calling it disproportionate and economically irrational, they argue that this tariff is six times higher than what South Africa imposes on US goods — raising questions about fairness and global trade relations.

Read Full Article:https://oigetit.app.link/44vZKJAsnSb

This article was factchecked by #oigetit
#TradeWar
#Tariffs
#TrumpTariffs
#SouthAfrica
#USEconomy
#GlobalTrade
#TradePolicy
#FairTrade
#ExportTax
#EconomicJustice
#Makgetla
#NokwandaMaseko
#TIPS
#USATariffs",,0,"04/07/2025 10:28",N/A,https://www.facebook.com/OigetitSouthAfricaFacebook/posts/974985771388082,0,0,Photos,,,,,Lifetime,0,13,0,0,0,0,0,0,13,0,0,0,0,0,0,0,0,0,,,
973617964858196,100066300057039,"Oigetit Fake News Filter - South Africa","A 37-year-old foreign national was arrested at the Beitbridge border post in Limpopo on Thursday night after a truck he was driving was loaded with explosives.

Police spokesperson Brigadier Hlulani Mashaba said police found two boxes of explosives while conducting routine inspections at the border post’s South Gate.

He added that the white truck had Gauteng registration plates, with investigations revealing it was headed to that province.

Read Full Article: https://oigetit.com/advanced-search-gallery-results/41419576419

This article was fact checked by #Oigetit

#BreakingNews #SouthAfricaNews #LimpopoNews #BeitbridgeBorder #BorderSecurity",,0,"04/05/2025 14:47",N/A,https://www.facebook.com/OigetitSouthAfricaFacebook/posts/973617964858196,0,0,Photos,,,,,Lifetime,0,14,0,0,0,0,1,0,14,0,0,0,0,0,0,0,0,0,,1,
973410554878937,100066300057039,"Oigetit Fake News Filter - South Africa",,,0,"04/05/2025 08:22",N/A,https://www.facebook.com/OigetitSouthAfricaFacebook/posts/973410554878937,0,0,Photos,,,,,Lifetime,0,13,0,0,0,0,1,0,13,0,0,0,0,0,0,0,0,0,1,,
972706921615967,100066300057039,"Oigetit Fake News Filter - South Africa","South Africa will not withdraw its International Criminal Court of Justice (ICJ) case against Israel, even if US President Donald Trump waives all restrictions imposed on the country, says the department of international relations and cooperation (Dirco).

Trump has cut financial aid to South Africa, citing Pretoria taking Israel to the ICJ and “strengthening ties with Iran, which supports terrorism globally”.

This week, Trump also slapped a universal 10% baseline tariff on all imports into the US and additional reciprocal tariffs for several other countries, including 30% for South Africa

Read Full Article: https://oigetit.com/advanced-search-gallery-results/41397446564

This article was fact checked by #Oigetit

#SouthAfrica #IsraelICJCase #Dirco #InternationalJustice #GlobalPolitics #TrumpTariffs #USSouthAfricaRelations #HumanRights #Geopolitics #MiddleEastCrisis #ICJ #SouthAfricaStandsFirm #ForeignPolicy #DiplomacyMatters",,0,"04/04/2025 10:00",N/A,https://www.facebook.com/OigetitSouthAfricaFacebook/posts/972706921615967,0,0,Photos,,,,,Lifetime,0,21,0,0,0,0,0,0,21,0,0,0,0,0,0,0,0,0,,,
972607208292605,100066300057039,"Oigetit Fake News Filter - South Africa","As U.S. aid cuts tighten local budgets, life-saving needle exchange programs in Pretoria face mounting pressure. With shared needles and limited resources, the threat of HIV among drug users is growing fast. Health workers continue their mission—one clean needle at a time.

Read Full Article: https://oigetit.app.link/lJbfgnDiiSb

This article was factchecked by #oigetit

#oigetit #factchecked #news
#HIVAfrica #NeedleExchange #DrugAddictionSA #USAidCuts #HarmReduction #HealthCrisis #PretoriaAddiction #SaveLives #HIVPrevention #SouthAfricaHealth #PublicHealthMatters #SafeInjection #SterileNeedles #HealthcareAccess #UniversityOfPretoria #TshwaneInitiative #StopHIV #CommunityHealth #AddictionSupport #GlobalHealthCrisis",,0,"04/04/2025 07:26",N/A,https://www.facebook.com/OigetitSouthAfricaFacebook/posts/972607208292605,0,0,Photos,,,,,Lifetime,0,13,0,0,0,0,1,0,13,0,0,0,0,0,0,0,0,0,,1,
972601014959891,100066300057039,"Oigetit Fake News Filter - South Africa","The South African rand hit its weakest level since January, sliding over 3% this week amid U.S. tariff fears and local political instability. Investors are pulling back from emerging markets like SA as global economic tensions rise.
 Read Full Article: https://oigetit.app.link/ocbF4vshiSb

This article was factchecked by #oigetit

#oigetit #factchecked #news
#RandSlump #SouthAfricaEconomy #TrumpTariffs #USDZAR #EmergingMarkets #GlobalTradeWar #EconomicUncertainty #CurrencyCrisis #CoalitionConcerns #MarketVolatility #SAExports #TradeTensions #FinancialNews #InvestSmart #AutoExports #GoldSafeHaven #CitrusIndustry #MetalsMarket #GlobalEconomy #RiskOffMood",,0,"04/04/2025 07:17",N/A,https://www.facebook.com/OigetitSouthAfricaFacebook/posts/972601014959891,0,0,Photos,,,,,Lifetime,0,12,0,0,0,0,0,0,12,0,0,0,0,0,0,0,0,0,,,
971955715024421,100066300057039,"Oigetit Fake News Filter - South Africa","Kidnapping mastermind Faizel Charloos was arrested on Wednesday after he fled from the Protea Magistrate’s Court.

The Mozambican kidnapping kingpin was handcuffed just hours after he fled from the court on Tuesday.

Police spokesperson Colonel Dimakatso Nevhuhulwi said Charloos was nabbed through crime intelligence-led information.

“Faizel Charloos was arrested at Bela Bela last night after a warrant of arrest was issued for him when he did not pitch for his court appearance scheduled on 1 April 2025 on a kidnapping case of 2022.

Read Full Article: https://oigetit.com/advanced-search-gallery-results/41379807626

This article was fact checked by #Oigetit

#FaizelCharloos #KidnappingKingpin #CrimeNews #Arrested #MozambicanFugitive #ProteaMagistratesCourt #BelaBela #CrimeIntelligence #JusticeServed",,0,"04/03/2025 11:06",N/A,https://www.facebook.com/OigetitSouthAfricaFacebook/posts/971955715024421,0,0,Photos,,,,,Lifetime,0,30,1,1,0,0,3,0,30,0,0,0,0,0,0,0,0,0,1,2,
971920548361271,100066300057039,"Oigetit Fake News Filter - South Africa","Visa welcomes John Njoroge as the new Country Manager for Kenya, South Sudan, and Somalia. Under his leadership, Visa aims to drive financial inclusion and innovation across the region. Wishing him success in this new role!

Read Full Article: https://oigetit.app.link/nFt1oJPPgSb

This article was factchecked by #oigetit

#oigetit #factchecked #news
#Visa #Leadership #FinancialInclusion #DigitalPayments #Innovation #EastAfrica #Kenya #SouthSudan #Somalia #NewAppointment #BusinessGrowth #Fintech #CashlessEconomy #Banking #FinancialServices #Payments #EconomicDevelopment #AfricaRising #LeadershipNews #GlobalFinance",,0,"04/03/2025 10:06",N/A,https://www.facebook.com/OigetitSouthAfricaFacebook/posts/971920548361271,0,0,Photos,,,,,Lifetime,0,16,0,0,0,0,0,0,16,0,0,0,0,0,0,0,0,0,,,
971637751722884,100066300057039,"Oigetit Fake News Filter - South Africa","President Trump has announced a sweeping global tariff scheme, imposing a 30% tariff on South Africa while vaguely hinting at ""bad things"" happening in the country. The move is expected to have significant economic implications. 

Read Full Article: https://oigetit.app.link/JV4rpQLigSb

This article was factchecked by #oigetit

#oigetit #factchecked #news
#SouthAfricaTrade
#TradeWar2025
#GlobalEconomy
#USPolitics
#SAEconomy
#MarketImpact
#TradeTensions
#EconomicPolicy
#TariffShock
#SouthAfricaNews
#BusinessImpact
#GlobalMarkets
#USForeignPolicy",,0,"04/03/2025 02:34",N/A,https://www.facebook.com/OigetitSouthAfricaFacebook/posts/971637751722884,0,0,Photos,,,,,Lifetime,0,18,0,0,0,0,0,0,18,0,0,0,0,0,0,0,0,0,,,
971072918446034,100066300057039,"Oigetit Fake News Filter - South Africa","The U.S.-China trade war intensifies as President Trump imposes new tariffs, shaking up Asia’s economic landscape. With 25% tariffs on auto imports set to take effect, the region braces for major economic shifts.

Read Full Article: https://oigetit.app.link/VYpNUfU6eSb

This article was factchecked by #oigetit

#oigetit #factchecked #news
#TrumpTariffs
#TradeWar
#USChinaTensions
#GlobalEconomy
#AsianMarkets
#EconomicImpact
#FreeTrade
#TariffShock
#ManufacturingCrisis
#AutoIndustry
#SupplyChainDisruption
#GlobalTrade
#USImports
#StockMarketNews
#BusinessNews
#ChinaEconomy
#ASEANTrade
#EconomicPolicy
#TariffHike
#MarketUncertainty",,0,"04/02/2025 09:21",N/A,https://www.facebook.com/OigetitSouthAfricaFacebook/posts/971072918446034,0,0,Photos,,,,,Lifetime,0,14,0,0,0,0,0,0,14,0,0,0,0,0,0,0,0,0,,,
971069205113072,100066300057039,"Oigetit Fake News Filter - South Africa","The police have confirmed that three people were found dead inside a vehicle near Lenasia South, south of Johannesburg.

It is understood the men were shot dead at extension 3 of the Vlakfontein informal settlement on Monday.

Police spokesperson Captain Tintswalo Sibeko said they are investigating a case of murder.

“The police attended to a murder scene where they found three men shot and killed inside a Toyota vehicle. The motive of the shooting is unknown at this stage and investigations continue.”

Read Full Article: https://oigetit.com/advanced-search-gallery-results/41364261339

This article was fact checked by #Oigetit

#LenasiaSouth #Johannesburg #CrimeNews #BreakingNews #SAnews #PoliceInvestigation #Vlakfontein #GunViolence #CrimeWatch #JusticeForVictims",,0,"04/02/2025 09:16",N/A,https://www.facebook.com/OigetitSouthAfricaFacebook/posts/971069205113072,0,0,Photos,,,,,Lifetime,0,33,0,0,0,0,0,0,33,0,0,0,0,0,0,0,0,0,,,
970970581789601,100066300057039,"Oigetit Fake News Filter - South Africa",,,0,"04/02/2025 06:53",N/A,https://www.facebook.com/OigetitSouthAfricaFacebook/posts/970970581789601,0,0,Photos,,,,,Lifetime,0,21,2,2,0,0,0,0,21,0,0,0,0,0,0,0,0,0,,,
969820808571245,100066300057039,"Oigetit Fake News Filter - South Africa","Two former senior intelligence officers of the State Security Agency (SSA) have been arrested for the misappropriation of about R5.8m in state funds and money laundering.

The duo was handcuffed by the National Prosecuting Authority’s (NPA) Investigating Directorate Against Corruption (IDAC) on Monday.

Read Full Article: https://oigetit.com/advanced-search-gallery-results/41332819674

This article was fact checked by #Oigetit

#StateSecurityScandal #Corruption #MoneyLaundering #SSA #NPA #IDAC #GovernmentFraud #Justice #Accountability #SouthAfricaNews",,0,"03/31/2025 19:38",N/A,https://www.facebook.com/OigetitSouthAfricaFacebook/posts/969820808571245,0,0,Photos,,,,,Lifetime,0,33,0,0,0,0,0,0,33,0,0,0,0,0,0,0,0,0,,,
969818901904769,100066300057039,"Oigetit Fake News Filter - South Africa","A 27-year-old man has been formally charged with the murders of six community safety patrollers from the Marry Me informal settlement in Soshanguve.

The accused made his second appearance in the Pretoria North Magistrate’s Court on Monday.

His arrest last week, along with another suspect, initially led to charges of possessing unlicensed firearms and ammunition.

In addition, the 27-year-old, a Zimbabwean national, faces a charge of contravening the Immigration Act, as he is in South Africa illegally.

Read Full Article: https://oigetit.com/advanced-search-gallery-results/41328329419

This article was fact checked by #Oigetit

#Soshanguve #CrimeNews #CommunitySafety #JusticeForPatrollers #Pretoria #SAJustice #IllegalFirearms #ImmigrationAct",,0,"03/31/2025 19:35",N/A,https://www.facebook.com/OigetitSouthAfricaFacebook/posts/969818901904769,0,0,Photos,,,,,Lifetime,0,17,0,0,0,0,0,0,17,0,0,0,0,0,0,0,0,0,,,
969580628595263,100066300057039,"Oigetit Fake News Filter - South Africa","Hugo Ferreira confessed to carrying out the evil crime against his daughter (Image: NX)
A depraved father raped and killed his newborn baby before setting his sights on the mother and threatening to kill her unless he went to prison.

Hugo Ferreira, from Welverdiend, South Africa, murdered his eight-day-old baby after she cried and needed her nappy changing. The twisted dad then threatened his now, ex-partner, and said he would end her life. The 37-year-old warned that he would kill her if he didn't get put in jail. It comes after the victim's mother, Maureen Brand, popped into the shops to get some nappies on June 8, 2023.

Read Full Article: https://oigetit.com/advanced-search-gallery-results/41328866619

This article was fact checked by #Oigetit

#HugoFerreira #JusticeForBaby #CrimeNews #SouthAfrica #ChildAbuse #DomesticViolence #StopGBV #EndViolence #JusticeForVictims #BreakTheSilence #SayNoToViolence #ProtectChildren",,0,"03/31/2025 11:08",N/A,https://www.facebook.com/OigetitSouthAfricaFacebook/posts/969580628595263,0,0,Photos,,,,,Lifetime,0,178,0,0,0,0,2,0,178,0,0,0,0,0,0,0,0,0,1,1,
969370848616241,100066300057039,"Oigetit Fake News Filter - South Africa","The school at the centre of a storm over the alleged rape of a seven-year-old says it will fight its deregistration.

The hashtag #JusticeforCwecwe has been used on social media in an outcry following reports of the alleged assault on the minor and claims the school took no actions on the matter.

Last week, Bergview College in the Alfred Nzo West District was removed from the list of approved independent schools in the Eastern Cape

Read Full Article: https://oigetit.com/advanced-search-gallery-results/41323833422

This article was fact checked by #Oigetit

#JusticeForCwecwe #BergviewCollege #ProtectOurChildren #EndChildAbuse #SchoolAccountability #JusticeForSurvivors #SpeakUp #NoToViolence #ChildSafetyMatters #HoldSchoolsAccountable",,0,"03/31/2025 05:17",N/A,https://www.facebook.com/OigetitSouthAfricaFacebook/posts/969370848616241,0,0,Photos,,,,,Lifetime,0,36,0,0,0,0,2,0,36,0,0,0,0,0,0,0,0,0,2,,
969245258628800,100066300057039,"Oigetit Fake News Filter - South Africa","With more than 100 sexual misconduct cases at schools being investigated, gender-based violence (GBV) advocacy groups and activists called on education authorities to implement strategies that will prevent it.

The Education Labour Relations Council (ELRC) announced the shocking figure of sexual misconduct, adding they concluded 46 cases in the current financial year.

“Four teachers from Gauteng, the Eastern Cape, and KwaZulu-Natal were recently dismissed after being found guilty of sexual misconduct,” Matlose Moela, ELRC senior manager of dispute management services, said in an interview with eNCA.

Read Full Article: https://oigetit.com/advanced-search-gallery-results/41321577000

This article was fact checked by #Oigetit

#EndGBV #ProtectOurChildren #StopSexualViolence #SafeSchoolsNow #JusticeForSurvivors #EducationWithoutAbuse #NoToSexualMisconduct #GBVAwareness #ChildSafetyFirst",,0,"03/31/2025 02:05",N/A,https://www.facebook.com/OigetitSouthAfricaFacebook/posts/969245258628800,0,0,Photos,,,,,Lifetime,0,10,0,0,0,0,0,0,10,0,0,0,0,0,0,0,0,0,,,
965742952312364,100066300057039,"Oigetit Fake News Filter - South Africa","At least 50 foreign nationals are on the run after allegedly being held hostage in Johannesburg.

It is understood the foreigners escaped on Wednesday from a house in Lombardy East. No arrests have yet been made.

The current whereabouts of the escapees are unknown. They are believed to be of Somalian and Ethiopian descent, among others.

Read Full Article: https://oigetit.com/advanced-search-gallery-results/41234046020

This article was fact checked by #Oigetit

#Johannesburg #ForeignNationals #HostageEscape #LombardyEast #BreakingNews #CrimeWatch #SAnews #ImmigrationCrisis #HumanTrafficking #MissingPersons #PoliceInvestigation #SomaliCommunity #EthiopianCommunity",,0,"03/26/2025 07:11",N/A,https://www.facebook.com/OigetitSouthAfricaFacebook/posts/965742952312364,0,0,Photos,,,,,Lifetime,0,20,0,0,0,0,0,0,20,0,0,0,0,0,0,0,0,0,,,
965417722344887,100066300057039,"Oigetit Fake News Filter - South Africa","A fierce altercation between a motorist and a group of Takealot delivery drivers is being attributed to an outpouring of grief.  

A video circulating on social media shows a man and a younger passenger swamped by several drivers who take turns striking the two motorists.

Takealot confirmed it is aware of the incident, which the company states occurred on Friday, 21 March.

Based on the signage in the background of the one-sided Heritage Day fight, the incident took place on or near Wierda Road near Sutherland Ridge in Centurion.

Read Full Article: https://oigetit.com/advanced-search-gallery-results/41220580931

This article was fact checked by #Oigetit

#Takealot #DeliveryDrivers #RoadRage #Centurion #WierdaRoad #HeritageDay #ViralVideo #TrendingSA #Altercation #DeliveryClash #MotoristAttack",,0,"03/25/2025 20:05",N/A,https://www.facebook.com/OigetitSouthAfricaFacebook/posts/965417722344887,0,0,Photos,,,,,Lifetime,0,28,0,0,0,0,1,0,28,0,0,0,0,0,0,0,0,0,,,1
965125002374159,100066300057039,"Oigetit Fake News Filter - South Africa","Home Affairs Minister Leon Schreiber has commended the department’s progress in rooting out corrupt officials.

The minister launched the Border Management and Immigration Anti-Corruption Forum (BMIACF) on Tuesday to combat corruption.

Schreiber said corruption in the department was not a one-man show. Sophisticated syndicates organised themselves within Home Affairs to extort and defraud both South Africans and immigrants.“Where syndicates take control, they deliberately break the system. From the perspective of these criminals, an immigration system that creates loopholes to extort bribes is not broken. It is working exactly as they intend,” said Schreiber.

Read Full Article: https://oigetit.com/advanced-search-gallery-results/41218330628

This article was fact checked by #Oigetit

#HomeAffairs #LeonSchreiber #AntiCorruption #BMIACF #BorderSecurity #ImmigrationReform #EndCorruption #FraudPrevention #SAnews #GoodGovernance",,0,"03/25/2025 09:34",N/A,https://www.facebook.com/OigetitSouthAfricaFacebook/posts/965125002374159,0,0,Photos,,,,,Lifetime,0,22,0,0,0,0,0,0,22,0,0,0,0,0,0,0,0,0,,,
964472492439410,100066300057039,"Oigetit Fake News Filter - South Africa","Minister of Health Dr. Aaron Motsoaledi says Tuberculosis (TB) kills ten people every hour in the South Africa. Motsoaledi was speaking in Port Shepstone in KwaZulu-Natal at a World TB Day event.Deputy President Paul Mashatile is expected to address the event in his capacity as the chairperson of the National Aids Council.

Motsoaledi says TB is still the leading cause of death in South Africa.“Our calculations show that TB killed 10 people every hour in our country but they die in separate areas in the country where everybody cannot see it. You are with somebody but after a few minutes he is dead.

Read Full Article: https://oigetit.com/advanced-search-gallery-results/41200733853

This article was fact checked by #Oigetit

#MinisterOfHealth #AaronMotsoaledi #Tuberculosis #TB #SouthAfrica #WorldTBDay #PaulMashatile #NationalAidsCouncil #TBAwareness #HealthCrisis #KZN",,0,"03/24/2025 10:42",N/A,https://www.facebook.com/OigetitSouthAfricaFacebook/posts/964472492439410,0,0,Photos,,,,,Lifetime,0,22,0,0,0,0,2,0,22,0,0,0,0,0,0,0,0,0,1,,1
964018985818094,100066300057039,"Oigetit Fake News Filter - South Africa","Musk took to X on Saturday to share his grievances with his audience. Chip Somodevilla/Getty Images
Elon Musk took to social media to claim that Starlink, his international telecommunications provider, cannot obtain a license to operate in South Africa because he, as the CEO of SpaceX, is not black.

Musk took to X on Saturday to share his grievances with his audience.

""Very few people know that there is a major political party in South Africa that is actively promoting white genocide. The video below was just yesterday. A whole arena chanting about killing white people,"" Musk wrote.

Read Full Article: https://oigetit.com/advanced-search-gallery-results/41186863549

This article was fact checked by #Oigetit

#ElonMusk #Starlink #SouthAfrica #SpaceX #TechNews #PoliticalDebate #SocialMedia #BroadbandAccess #LicensingLaws #Controversy",,0,"03/23/2025 19:49",N/A,https://www.facebook.com/OigetitSouthAfricaFacebook/posts/964018985818094,0,0,Photos,,,,,Lifetime,0,26,1,0,1,0,2,0,26,0,0,0,0,0,0,0,0,0,1,1,
963723269180999,100066300057039,"Oigetit Fake News Filter - South Africa","Gauteng Premier Panyaza Lesufi announced on Sunday that a fifth person has died following an attack at the Marry Me Informal Settlement in Soshanguve that occurred Saturday morning.

The incident initially claimed the lives of four community patrollers, with uncertainty remaining about whether the fifth deceased individual was also a patroller.

“I cry with you, I am with you. I will work with the police to find out what happened and who did what they did,” Lesufi told community members during his visit to the settlement.

Read Full Article: https://oigetit.com/advanced-search-gallery-results/41182321627

This article was fact checked by #Oigetit

#Gauteng #PanyazaLesufi #Soshanguve #MarryMeSettlement #CommunitySafety #CrimeUpdate #JusticeForPatrollers #LawAndOrder #StopViolence",,0,"03/23/2025 09:55",N/A,https://www.facebook.com/OigetitSouthAfricaFacebook/posts/963723269180999,0,0,Photos,,,,,Lifetime,0,70,0,0,0,0,0,0,70,0,0,0,0,0,0,0,0,0,,,
962220899331236,100066300057039,"Oigetit Fake News Filter - South Africa","One person has been arrested and will appear in court in connection with the murders of the two Rea Vaya drivers last month.

The suspect, a 27-year-old male, was arrested in Linden on Wednesday and is facing two counts of murders of the two Reya Vaya drivers, police confirmed on Thursday.

This is the first arrest since the two drivers were shot and killed in a hail of bullets in two separate incidents in Soweto last month on the feeder routes by unknown gunmen.

Read Full Article: https://oigetit.com/advanced-search-gallery-results/41141866540

This article was fact checked by #Oigetit

#ReaVaya #CrimeNews #JusticeForDrivers #Soweto #PublicTransport #BreakingNews #CrimeUpdate #SAnews #LawAndOrder",,0,"03/21/2025 07:51",N/A,https://www.facebook.com/OigetitSouthAfricaFacebook/posts/962220899331236,0,0,Photos,,,,,Lifetime,0,19,0,0,0,0,0,0,19,0,0,0,0,0,0,0,0,0,,,
962114339341892,100066300057039,"Oigetit Fake News Filter - South Africa","Hundreds of thousands of passengers faced flight cancelations at Europe’s busiest travel hub after a fire knocked out power to London’s Heathrow Airport, forcing it to close for the day.

At least 1,350 flights to and from Heathrow were affected already, including several from U.S. cities that were canceled, flight tracking service FlightRadar 24 said

Read Full Article: https://oigetit.com/breaking/41142288096

This article was fact checked by #Oigetit

#HeathrowAirport #FlightCancelations #TravelDisruptions #LondonTravel #AirportChaos #HeathrowFire #FlightDelays #TravelNews #EuropeTravel #AirlineUpdates",,0,"03/21/2025 04:46",N/A,https://www.facebook.com/OigetitSouthAfricaFacebook/posts/962114339341892,0,0,Photos,,,,,Lifetime,0,16,0,0,0,0,0,0,16,0,0,0,0,0,0,0,0,0,,,
961578582728801,100066300057039,"Oigetit Fake News Filter - South Africa","Zimbabwe’s sports minister, Kirsty Coventry, has been elected as the new president of the International Olympics Committee (IOC).The 41-year-old former swimmer and two-time Olympic gold medalist, takes over from Germany’s Thomas Bach, who had been in the position since 2013.

Coventry was chosen over fellow presidential candidates HRH Prince Feisal Al Hussein, David Lappartient, Johan Eliasch, Juan Antonio Samaranch, Lord Sebastian Coe and Morinari Watanabe.

Her appointment makes her the first woman, the first African, and the youngest person to ever hold the role.

Read Full Article: https://oigetit.com/advanced-search-gallery-results/41128989494

This article was fact checked by #Oigetit

#KirstyCoventry #IOC #Olympics #Zimbabwe #SportsLeadership #WomenInSports #HistoricMoment #BreakingBarriers #AfricanExcellence #GoldMedalist #SportsMinister #OlympicChampion #GameChanger",,0,"03/20/2025 10:03",N/A,https://www.facebook.com/OigetitSouthAfricaFacebook/posts/961578582728801,0,0,Photos,,,,,Lifetime,0,28,1,1,0,0,0,0,28,0,0,0,0,0,0,0,0,0,,,
961572156062777,100066300057039,"Oigetit Fake News Filter - South Africa","Four people have been declared dead, and three others were injured during a shooting incident in Johannesburg.

Police confirmed the Gauteng Taxi Violence Unit will investigate the matter, which saw an unknown number of suspects open fire at a taxi rank.The shooting occurred on Thursday morning at a taxi rank near Doornfontein.

Read Full Article: https://oigetit.com/advanced-search-gallery-results/41126100831

This article was fact checked by #Oigetit

#JohannesburgShooting #TaxiViolence #CrimeScene #GautengNews #BreakingNews #SACrime #Doornfontein",,0,"03/20/2025 09:52",N/A,https://www.facebook.com/OigetitSouthAfricaFacebook/posts/961572156062777,0,0,Photos,,,,,Lifetime,0,33,0,0,0,0,0,0,33,0,0,0,0,0,0,0,0,0,,,
960922692794390,100066300057039,"Oigetit Fake News Filter - South Africa","McDonald’s South Africa has launched an investigation following a viral video showing a male customer allegedly assaulting a female employee at its Kenilworth branch in Cape Town.

The incident, which occurred on Monday, has gained significant attention after the video amassed more than one million views on Facebook and spread across social media platforms.

Read Full Article: https://oigetit.com/advanced-search-gallery-results/41110378695

This article was fact checked by #Oigetit

#McDonaldsSA #Kenilworth #CapeTown #ViralVideo #CustomerAssault #WorkplaceSafety #JusticeForWorkers #SupportEmployees #Trending #SouthAfricaNews",,0,"03/19/2025 12:33",N/A,https://www.facebook.com/OigetitSouthAfricaFacebook/posts/960922692794390,0,0,Photos,,,,,Lifetime,0,38,0,0,0,0,0,0,38,0,0,0,0,0,0,0,0,0,,,
960921179461208,100066300057039,"Oigetit Fake News Filter - South Africa","The station commander of the Norwood police station was arrested for his alleged involvement in theft, fraud and defeating the ends of justice in a case involving R165 000 worth of goods.

Colonel Logan Govender was arrested by the Gauteng Provincial Anti-Corruption Unit on Tuesday.

The arrest stems from an incident that happened on 21 August 2020 at around 10am when the complainant was approached by the police accompanied by a civilian who introduced himself as an employee of Adams and Adams Company and also as an expert in illicit cigarettes

Read Full Article: https://oigetit.com/advanced-search-gallery-results/41112644268

This article was fact checked by #Oigetit

#NorwoodPolice #Corruption #Fraud #Justice #CrimeWatch #SAPolice #AntiCorruption #SAnews #LawAndOrder",,0,"03/19/2025 12:30",N/A,https://www.facebook.com/OigetitSouthAfricaFacebook/posts/960921179461208,0,0,Photos,,,,,Lifetime,0,43,2,1,1,0,1,0,43,0,0,0,0,0,0,0,0,0,1,,
960815699471756,100066300057039,"Oigetit Fake News Filter - South Africa","The African Transformation Movement (ATM) has suggested that the Cape Independence Advocacy Group is creating a space for the United States (US) to colonise the Western Cape.

The Cape Independence Advocacy Group told The Citizen it will send a delegation to meet with Trump administration officials in April.

Read Full Article: https://oigetit.com/advanced-search-gallery-results/41110378691

This article was fact checked by #Oigetit

#AfricanPolitics #CapeIndependence #WesternCape #ATM #ColonizationConcerns #SouthAfrica #PoliticalDebate #USInfluence #CapeSecession #GlobalPolitics",,0,"03/19/2025 09:09",N/A,https://www.facebook.com/OigetitSouthAfricaFacebook/posts/960815699471756,0,0,Photos,,,,,Lifetime,0,17,0,0,0,0,0,0,17,0,0,0,0,0,0,0,0,0,,,
